{"cameraMode":{"drawMode":0,"name":"Shaded","section":"Shading Mode"},"sceneLighting":true,"audioPlay":false,"sceneViewState":{"showFog":false,"showMaterialUpdate":false,"showSkybox":false,"showFlares":false,"showImageEffects":false,"showParticleSystems":false},"in2DMode":false,"pivot":{"x":-1.607213020324707,"y":0.547211766242981,"z":1.182629108428955},"rotation":{"x":0.07454121857881546,"y":-0.33376407623291018,"z":-0.02649013139307499,"w":-0.9393439292907715},"size":5.269638538360596,"orthographic":false}