{"cameraMode":{"drawMode":0,"name":"Shaded","section":"Shading Mode"},"sceneLighting":false,"audioPlay":false,"sceneViewState":{"showFog":false,"showMaterialUpdate":false,"showSkybox":false,"showFlares":false,"showImageEffects":false,"showParticleSystems":false},"in2DMode":false,"pivot":{"x":1.9107611179351807,"y":1.7634526491165162,"z":4.830087184906006},"rotation":{"x":-0.038460101932287219,"y":-0.9541088938713074,"z":0.1401127725839615,"w":-0.2618945240974426},"size":0.866025447845459,"orthographic":false}