{"cameraMode":{"drawMode":0,"name":"Shaded","section":"Shading Mode"},"sceneLighting":true,"audioPlay":false,"sceneViewState":{"showFog":false,"showMaterialUpdate":false,"showSkybox":false,"showFlares":false,"showImageEffects":false,"showParticleSystems":false},"in2DMode":false,"pivot":{"x":-48.96466827392578,"y":20.339752197265626,"z":-10.361326217651368},"rotation":{"x":-0.14180110394954682,"y":-0.5990533828735352,"z":0.10882808268070221,"w":-0.7805308103561401},"size":6.399999618530273,"orthographic":false}