{"cameraMode":{"drawMode":0,"name":"Shaded","section":"Shading Mode"},"sceneLighting":false,"audioPlay":false,"sceneViewState":{"showFog":false,"showMaterialUpdate":false,"showSkybox":false,"showFlares":false,"showImageEffects":false,"showParticleSystems":false},"in2DMode":false,"pivot":{"x":3.996978998184204,"y":-31.628612518310548,"z":-54.05051040649414},"rotation":{"x":-0.008985908702015877,"y":0.938529372215271,"z":-0.34430426359176638,"w":-0.024502919986844064},"size":61.87689208984375,"orthographic":false}