{"cameraMode":{"drawMode":0,"name":"Shaded","section":"Shading Mode"},"sceneLighting":true,"audioPlay":false,"sceneViewState":{"showFog":false,"showMaterialUpdate":false,"showSkybox":false,"showFlares":false,"showImageEffects":false,"showParticleSystems":false},"in2DMode":false,"pivot":{"x":-1.1590313911437989,"y":-1.9893871545791627,"z":12.482728958129883},"rotation":{"x":-0.1059286817908287,"y":0.03966148570179939,"z":-0.0042312052100896839,"w":-0.9935944080352783},"size":6.399999618530273,"orthographic":false}