{"cameraMode":{"drawMode":0,"name":"Shaded","section":"Shading Mode"},"sceneLighting":true,"audioPlay":false,"sceneViewState":{"showFog":false,"showMaterialUpdate":false,"showSkybox":false,"showFlares":false,"showImageEffects":false,"showParticleSystems":false},"in2DMode":false,"pivot":{"x":-19.523056030273439,"y":10.168512344360352,"z":-20.48255157470703},"rotation":{"x":-0.15503327548503877,"y":-0.08967257291078568,"z":0.014131039381027222,"w":-0.983742356300354},"size":5.269638538360596,"orthographic":false}