{"cameraMode":{"drawMode":0,"name":"Shaded","section":"Shading Mode"},"sceneLighting":true,"audioPlay":false,"sceneViewState":{"showFog":true,"showMaterialUpdate":true,"showSkybox":true,"showFlares":true,"showImageEffects":true,"showParticleSystems":true},"in2DMode":false,"pivot":{"x":33.13957214355469,"y":24.261096954345704,"z":27.53360366821289},"rotation":{"x":-0.12620989978313447,"y":0.8688534498214722,"z":-0.38488391041755679,"w":-0.2848346531391144},"size":37.5567512512207,"orthographic":false}